Item,Open,Close,Volume,Polarity
0,0.587474603371791,0.5789225512435445,0.24229684398844897,0.0
1,0.5942624504744556,0.5990982882744493,0.12546410035729544,0.0
2,0.6076766173463728,0.6064152717999267,0.10628809481121161,0.24235000000000004
3,0.625454488286648,0.6196820950975397,0.08201817309651836,0.0
4,0.6318866053458772,0.6374738123802519,0.09655393103677215,0.0
5,0.6246462351030342,0.643979054302183,0.0651877624792349,0.0
6,0.6157616152486733,0.6371854304947826,0.08242637327166878,0.24932000000000026
7,0.6357577126989771,0.6279207697471696,0.10392190667578123,0.0
8,0.6573733990992068,0.6480968209195614,0.17351535726796613,0.2023
9,0.6143393115914684,0.6707432807491891,0.18362774739697343,-0.40230000000000005
10,0.6157572996328957,0.626480116885765,0.1791128468655826,0.4215
11,0.6518790036969406,0.6283329233786921,0.2605154309664838,0.0
12,0.6367675667910904,0.6645666308231233,0.4320706151429198,-0.6071999999999999
13,0.6472723921119163,0.6546849961941756,0.21340892327701794,-0.05135
14,0.6708319551619866,0.6596258135086499,0.1777100367470653,0.0
15,0.6646785035787248,0.6841250798312055,0.08848975933825219,-0.06400000000000002
16,0.6666667694194235,0.6778208884612376,0.09533643770589205,0.0
17,0.6767677764067139,0.6802133900295892,0.07382238586623557,0.0
18,0.6914057286100359,0.6902231943854122,0.070330678560726,0.0
19,0.6868687833940044,0.704918733167907,0.09749854782578005,0.0
20,0.685858312785351,0.7003894412019811,0.07864139486595245,0.24805000000000008
21,0.7021214025874594,0.6995613642410863,0.09334143494655688,0.0
22,0.711515265103654,0.7158301235926858,0.1007122799498338,0.0
23,0.6963637546227179,0.7252135298225513,0.1648292839724397,0.0
24,0.686464348543927,0.7098595504823804,0.17340501917585102,-0.14800000000000005
25,0.7098987587364247,0.6999772875704577,0.30663284672079005,0.0
26,0.7133333723793802,0.7362116232978639,0.15337259668394634,0.0
27,0.7268683764930879,0.7273591161817725,0.07115314872005495,-0.22630000000000003
28,0.723232161941632,0.7407453132446138,0.0670602875283987,0.0
29,0.7206058014822911,0.737467560964653,0.07913797146055254,-0.019250000000000007
30,0.7218178729994422,0.7347703421534844,0.0546827550302549,-0.18500000000000005
31,0.7313128442281567,0.7362116232978639,0.07450829635844787,-0.19855000000000003
32,0.7153536970801468,0.7460938862097857,0.11387111826607936,0.0
33,0.732929350595386,0.7293356944207527,0.12593341799135097,0.0
34,0.7361617468133037,0.7469169369068815,0.136455001536986,0.14800000000000005
35,0.7277173197683258,0.751034703524259,0.15091675195116216,0.0
36,0.6880808549111546,0.7419761195924082,0.19700946910073217,0.0
37,0.6771715947402512,0.7013569969833009,0.18679978545101208,0.19980000000000003
38,0.6359593136074757,0.6925660615987494,0.32584074635431265,-0.12800000000000003
39,0.6266665598037999,0.6509749852274958,0.1736916024501104,0.0
40,0.6214138388851165,0.6394497623362563,0.09217556810046518,0.0
41,0.6250907435281947,0.6336852660417138,0.1035590424560628,0.0
42,0.6131315556900949,0.6375561174499627,0.09062114518844142,0.0
43,0.6166586468140114,0.6252449125571475,0.07973475508419896,0.0
44,0.6032321496113022,0.6288845558306377,0.09777447030818273,0.0
45,0.5892930189057886,0.6149508101551895,0.09500359145082186,0.0
46,0.6197332147977539,0.6007494159324391,0.24409357367687598,0.0
47,0.6339396054232509,0.6318324595487859,0.12021654076815927,0.0
48,0.6420202877097738,0.6466103034009905,0.11539841464975557,0.0
49,0.6468685737783808,0.6546887658920264,0.13555221125019018,0.0
50,0.6200001664594659,0.6583780435205346,0.1554651578283883,0.0
51,0.625454488286648,0.6320385363645471,0.3528391024072355,0.0
52,0.6349494595153624,0.6575669301999607,0.19247708751934034,0.0
53,0.6581816522828232,0.6475985925204801,0.11941038184109137,0.0
54,0.6456565022612288,0.6711548060977393,0.09910210308288249,0.0
55,0.6597173949833435,0.6584232798947243,0.10197305653709272,0.0
56,0.6707068023044158,0.6725960872421171,0.09905312524203364,0.0
57,0.6676766235115359,0.6835074776668968,0.10522230256196927,0.0
58,0.6739391985223344,0.6810370690096583,0.09066392078806515,0.0
59,0.6662623345693461,0.687419167468514,0.08805641911770888,0.0
60,0.6682826592701137,0.6793897110495184,0.08595196114757177,0.0
61,0.6682826592701137,0.6815887014616075,0.1228662441652857,0.0
62,0.6860605302103897,0.681860747989731,0.1431574391700845,0.0
63,0.6622223016843547,0.6995657622219102,0.2109634744716965,0.0
64,0.6442422133190382,0.6758901748794237,0.4478862199067973,0.0
65,0.7575758323050357,0.781504542957121,0.1910728647907219,0.0
66,0.7442424290998266,0.7725898358265164,0.10380077535961245,0.0
67,0.7454545006169795,0.7588580831274907,0.08148316909276197,0.0
68,0.7266624599688107,0.7602993642718721,0.09654212249920832,0.0
69,0.7313128442281567,0.7411524406123373,0.1270873659397147,0.0
70,0.7535351829035024,0.745476284045477,0.13370555462350264,0.0
71,0.7731311611195082,0.76832819240789,0.09767040067339122,0.0
72,0.7765978336225299,0.7882981667645224,0.15812000400916404,0.0
73,0.7292931360439319,0.7917983312175902,0.15715183636112695,0.0
74,0.7272728113431643,0.7436234775525499,0.13211045295497395,0.0
75,0.7018180764499009,0.7415645942438598,0.15645133625521432,0.0
76,0.7484846794098567,0.7152125214283762,0.20176702956105147,0.0
77,0.7842420221989101,0.7633459084170768,0.4377782000402903,0.0
78,0.7338948154966358,0.7349764189692456,0.24174740487522203,0.0
79,0.717268597452617,0.7477324482082786,0.1579568475424877,0.0
80,0.7108845686834879,0.7314762545161768,0.08799739850192256,0.0
81,0.6985856802319841,0.7249628449155727,0.0777170181310493,0.0
82,0.7010098232662862,0.7119184337910678,0.07669272130352658,0.0
83,0.7048482552427799,0.7143888424483062,0.08201623075762936,0.0
84,0.688889108094771,0.718551845439876,0.08058874410640855,0.0
85,0.6993939334155987,0.7020361708791478,0.11096418739835691,0.0
86,0.7090911220693519,0.7127421127711404,0.13167366949730921,0.0
87,0.7080806514606968,0.7226237474000881,0.1851058672915053,0.0
88,0.6795957377745543,0.7218251997390102,0.1750422563550514,0.0
89,0.6488888984791474,0.6925698312965975,0.2666056124809223,0.0
90,0.6197979490344272,0.6588147001880778,0.43999683663625483,0.0
91,0.5846423263881722,0.5591583395611881,0.42274156145903463,0.0
92,0.6024242046859571,0.5958045147786297,0.22863101107810777,0.0
93,0.5971674764097656,0.6147409636415784,0.2882532221912306,0.0
94,0.655959726673558,0.6089805511863702,0.1891407893969839,0.0
95,0.6557575092485193,0.6686843974405008,0.13719359797156253,0.0
96,0.6868687833940044,0.6682728720919533,0.14733348985347547,0.0
97,0.6993655736547675,0.6999772875704577,0.1013795616463379,0.0
98,0.6913132511290732,0.7129475613039276,0.1274299901053284,0.0
99,0.7034339663005884,0.7045065795363836,0.17202507568334516,0.0
100,0.66141404850074,0.7168592511055412,0.24069942475647318,0.0
101,0.6440406124105413,0.6743213522911455,0.23822455393138992,0.0
102,0.6004038799851905,0.6563361238521663,0.25658775686852414,0.0
103,0.5901009638311328,0.6196858647953896,0.6047438802143715,0.0
104,0.7196970561026967,0.7386820319551015,0.1932551928926818,0.0
105,0.7248486683088622,0.7337412146406281,0.09564860246620092,0.0
106,0.7309090258946194,0.7386820319551015,0.10131641356041246,0.0
107,0.7114745750120299,0.7452702072297148,0.1224605160578122,0.0
108,0.6877090954376852,0.7253002328730851,0.0913736028596349,0.0
109,0.6921208877961478,0.7014185687148364,0.05610002233027561,0.0
110,0.6919192868876491,0.7055363353322157,0.08106446262998468,0.0
111,0.6977774270483676,0.705738014167153,0.11291670149449513,0.0
112,0.7012077250755464,0.7115062801595453,0.11489212636071047,0.0
113,0.7076768331271603,0.7152125214283762,0.17798609166166496,0.0
114,0.7292931360439319,0.7209770177229204,0.14763261004238204,0.0
115,0.7321210974117713,0.742882103642188,0.2160494888525529,0.0
116,0.6412120345261592,0.7535214475388425,0.37544688968969653,0.0
117,0.6480806452955328,0.6752725727151159,0.2701834669305658,0.0
118,0.6655354615689779,0.6612731714687916,0.1401712697045038,0.0
119,0.6440406124105413,0.6784673916423927,0.1509083425066541,0.0
120,0.6525251130305998,0.6567438795028657,0.1352298933547797,0.0
121,0.6472723921119163,0.665711362403357,0.10451162724892217,0.0
122,0.6218182737351938,0.6600291711785236,0.16653803453800795,0.0
123,0.6152283284417877,0.6345089450217829,0.1589154800723424,0.0
124,0.6379796383082432,0.6275092443986221,0.31889386095762645,0.0
125,0.6816117468595424,0.6509793832083224,0.2040855200335371,0.0
126,0.7252524866423986,0.6952425470717456,0.2428225998104498,0.0
127,0.7286864837688141,0.7394359715249603,0.20157692314229023,0.0
128,0.7484846794098567,0.742948073354551,0.23099192399769186,0.0
129,0.828282881216067,0.7592243721018495,0.37936920028367854,0.0
130,0.798989714346308,0.8057977324639163,0.25995029863791497,0.0
131,0.8070703966328336,0.8148563163957654,0.10814289601801325,0.0
132,0.7979798602541965,0.8227085970158443,0.11584407106461779,0.0
133,0.7709493090853279,0.8134150352513876,0.1280599479943177,0.0
134,0.7896969605426323,0.7860338349230469,0.07961265259858567,0.0
135,0.7842420221989101,0.805007352481514,0.0766265714211363,0.0
136,0.7919188861518984,0.7994156340050607,0.08834368662498598,0.0
137,0.7652526962580231,0.8074444621410821,0.1565820909776968,0.0
138,0.7882826716004434,0.7798571849969811,0.14225001375639446,0.0
139,0.8125253349765558,0.8037388491552262,0.12086762159256646,0.0
140,0.8024563868493333,0.8283329862069904,0.12198495203846589,0.0
141,0.8250504849981484,0.818355852565861,0.20999056133660107,0.0
142,0.8509090382249518,0.8410023123954904,0.2990445921941417,0.0
143,0.8355553103189779,0.8510900238401966,0.2139735258767988,0.0
144,0.8381816707783187,0.8520538099236674,0.12432628706493015,0.0
145,0.8476766420070332,0.854981608586618,0.12505285424161455,0.0
146,0.8694945458323007,0.8638548490408793,0.11867615566901511,0.0
147,0.8660765781359183,0.8866860240651215,0.06693908999613143,0.0
148,0.8620198993043537,0.8832072212332012,0.08431002262537869,0.0
149,0.8749655136060577,0.879073119258476,0.10279855056491932,0.0
150,0.8929289560248002,0.892059728349289,0.11092191945548824,0.0
151,0.8725894588618548,0.9106210922762337,0.13932297526676424,0.0
152,0.8634341882465444,0.8897947682248404,0.12156509782998147,0.0
153,0.8480521005797419,0.8803491619804609,0.16475664491239753,0.0
154,0.8799999876696685,0.8640602975736655,0.24039160818663174,0.0
155,0.9115150801486926,0.8969389739322269,0.3359432482126123,0.0
156,0.9030299630120906,0.900500710116833,0.2539021864180496,0.0
157,0.9056563234714332,0.9205856602578661,0.12908576779210562,0.0
158,0.9201413795728977,0.9233526184792487,0.13884421080265763,0.0
159,0.933939019732537,0.9381015613146069,0.09184406823939759,0.0
160,0.9319106803167534,0.9523522757508847,0.08698736020760776,0.0
161,0.9406060295934093,0.9499107681104935,0.10407663162591664,0.0
162,0.9480806761213589,0.9589693520423426,0.15797203310107447,0.0
163,0.9727271578310086,0.9667267619332147,0.16698709004592593,0.0
164,0.9810100575425702,0.9914974465009196,0.15115062721102449,0.0
165,0.9579794656836107,1.0,0.18145910395536788,0.0
166,0.9277374798591742,0.9766743662745245,0.2058488326642601,0.0
167,0.9454543156620163,0.9457930014931151,0.26501477071472973,0.0
168,1.0,0.9643179250075162,0.5994830774055375,0.0
169,0.9626298499429566,0.9774898775759224,0.25234904368392996,0.0
170,0.9642420406944074,0.9814097350562108,0.17822488898484826,0.0
171,0.9585855014421867,0.9830564647333775,0.12580100786640627,0.0
172,0.9347472729161517,0.9772919684388333,0.14224334800247992,0.0
173,0.9385813892768669,0.9529987789320389,0.08908839701265629,0.0
174,0.9409574440210688,0.9567866969876047,0.11554872519332507,0.0
175,0.9317170941232735,0.9591748005751297,0.11600729374739259,0.0
176,0.9402059103591105,0.9497046912947322,0.1460376187340175,0.0
177,0.919999580768752,0.958553428712972,0.2100726251546615,0.0
178,0.8872724167725794,0.9379696218898808,0.18672776440788913,0.0
179,0.8848482737382746,0.9044123999184492,0.17614901429722546,0.0
180,0.9054541060463928,0.9020814700816375,0.2514992042038923,0.0
181,0.8472728236734959,0.9235586952950081,0.5590678389005584,0.0
182,0.7656565145915595,0.781504542957121,0.0,0.0
183,0.7620203000401045,0.781504542957121,0.13441631822468106,0.0
184,0.7612120468564907,0.7769752509911951,0.09482313051040714,0.0
185,0.7733333785445469,0.7761515720111243,0.10203521138154084,0.0
186,0.7876766358418674,0.7879727161835328,0.12515593063492872,0.0
187,0.8126868623099703,0.8031212469909175,0.19158369991852991,0.0
188,0.7862623468996777,0.8286747721453258,0.16631806465882829,0.0
189,0.7393941430312223,0.8017088668633825,0.350908770704091,0.0
190,0.7511110398692002,0.7390941855866249,0.2080556165785952,0.0
191,0.756161543362845,0.765857783750655,0.0785014140337472,0.0
192,0.7571713974549583,0.7710046778808897,0.06451046007982615,0.0
193,0.7688889108094763,0.7718654255564799,0.06861844061397067,0.0
194,0.7698987649015914,0.784386476962907,0.057621933137941395,0.0
195,0.7650504788329853,0.7852101559429769,0.080222657369897,0.0
196,0.7688889108094763,0.7800632618127423,0.07165056405190255,0.0
197,0.7486868968348954,0.7847282629012424,0.10738295592769051,0.0
198,0.7422221043990618,0.7637989004419667,0.09223344097054435,0.0
199,0.7438379942497493,0.7567991998188033,0.13141035014565222,0.0
200,0.7559593259378063,0.7588580831274907,0.14265112880900657,0.0
201,0.7726866526943459,0.7709550435258743,0.15253187295346732,0.0
202,0.7733333785445469,0.7880883202509112,0.4317226716173942,0.0
203,0.755555507604269,0.7755339698468156,0.2317911743784841,0.0
204,0.7688889108094763,0.7707986010651284,0.1228455847425572,0.0
205,0.7931309576690495,0.7835916989996807,0.12632930197218248,0.0
206,0.7975754254041192,0.8084742179369133,0.12882229393621883,0.0
207,0.794747464036277,0.8130035099028392,0.1468417028899994,0.0
208,0.7668685861087114,0.8107096487615433,0.14934363402733175,0.0
209,0.7501455749679504,0.7815824500460051,0.14662438165475927,0.0
210,0.7456567180420173,0.7646225794220376,0.22082678171022188,0.0
211,0.7541412186620802,0.7602993642718721,0.29864488975163067,0.0
212,0.8022221105642267,0.7691518713879608,0.24537558355971695,0.0
213,0.8125253349765558,0.8181215030162301,0.23604023934647533,0.0
214,0.8414140669962364,0.82851832968458,0.47128592965515115,0.0
215,0.7288887011938545,0.8708545496640419,0.9999999999999999,0.0
216,0.543838487462982,0.6270977190500737,0.40589457474509616,0.0
217,0.5546626683514013,0.5546620324514437,0.09883776841771533,0.0
218,0.5644443197710993,0.5654952016458505,0.08598652595098291,0.0
219,0.5539394944502725,0.575628463606237,0.10188620308790829,0.0
220,0.5410102178368721,0.5653346753457669,0.1338712052298887,0.0
221,0.526464743114512,0.5519528762637522,0.10395289580987398,0.0
222,0.5121211775589218,0.536553346407902,0.08700861557522266,0.0
223,0.4816162474302814,0.5223437845064787,0.09896607314455373,0.0
224,0.4670707727079231,0.49082816806192575,0.10941062529561349,0.0
225,0.43757569667139684,0.4761904313131211,0.14100680650726788,0.0
226,0.44404048910723226,0.44633442434671977,0.20545954822124465,0.0
227,0.5208082038622912,0.4533382088092184,0.25599763899879224,0.0
228,0.48484833538992955,0.5311595370685387,0.3929409842621329,0.0
229,0.546666757089092,0.5616290623599127,0.38295210922884,0.0
230,0.5559595108927686,0.5575116098840214,0.17444008715539458,0.0
231,0.5545455302088484,0.5667800403294834,0.18131384790731633,0.0
232,0.5563636374845755,0.5656642097660924,0.12511017531087298,0.0
233,0.5717170571322798,0.567393558654457,0.14213788782962014,0.0
234,0.5931311426240127,0.5826284783708875,0.11526335588087132,0.0
235,0.5909172317297644,0.6046570218947194,0.0722901894912712,0.0
236,0.5816121475952931,0.6027753143849477,0.09171803693194064,0.0
237,0.5822221907113772,0.5930909606101133,0.09786865167226659,0.0
238,0.5949495581580093,0.5941574709599751,0.1226752769372441,0.0
239,0.580234233128949,0.6067159052034086,0.1054185891499228,0.0
240,0.5898990546643645,0.5925104271413222,0.17678740370275567,0.0
241,0.6440406124105413,0.6011775907798214,0.6371946684651547,0.0
242,0.6202017673679645,0.643979054302183,0.1810685393344483,0.0
243,0.6236363810109218,0.6324500617130955,0.07235371280175476,0.0
244,0.6169693711500459,0.636567828330473,0.08160257879037004,0.0
245,0.6238385984359605,0.6289505255430017,0.09755531709421776,0.0
246,0.6256567057116866,0.6359502261661651,0.07153016111281715,0.0
247,0.6246462351030342,0.6380091094748526,0.06583096358792194,0.0
248,0.6218182737351938,0.6366256303641622,0.10035054140378967,0.0
249,0.6214138388851165,0.6342456944553083,0.08531577894532455,0.0
250,0.6327269173895571,0.6332737406931654,0.11571960687149174,0.0
251,0.6371713851246268,0.6450088100980143,0.09907819907132805,0.0
252,0.6476768269619937,0.6493653242458493,0.13260652189281896,0.0
253,0.6438383949855027,0.6602434156729577,0.19042160739005207,0.0
254,0.6325900507177336,0.6559610389161605,0.40162180441384593,0.0
255,0.6096969420471376,0.6069216678776819,0.26373693244609353,0.0
256,0.610100760380675,0.6215386712883166,0.11605691167719351,0.0
257,0.5810101191942252,0.6217447481040779,0.12779161829120836,0.0
258,0.5919190711068598,0.5925104271413222,0.10163592830765358,0.0
259,0.5797980476770741,0.6032201387311638,0.08689918243645356,0.0
260,0.5959594122501226,0.5912752228127038,0.0670390321607838,0.0
261,0.5870707850382528,0.6079511095320269,0.06628352854905982,0.0
262,0.5971717920255433,0.5988925256001751,0.11378633958798091,0.0
263,0.5661899863534066,0.6089805511863702,0.11612215660623777,0.0
264,0.5646465371961389,0.5776873469149262,0.11498407844947853,0.0
265,0.568888787506169,0.575628463606237,0.1138196021414551,0.0
266,0.5723230928908558,0.5798078019551536,0.20386839744659246,0.0
267,0.5922464413894684,0.5826284783708875,0.3777342144518268,0.0
268,0.5894301938358826,0.6128096217767904,0.2802490422779415,0.0
269,0.5739392909998147,0.6011571715831385,0.17614914672942245,0.0
270,0.5713132387987425,0.5855107265181596,0.17587273866229752,0.0
271,0.5535353678584656,0.5831263926284818,0.19735187254601758,0.0
272,0.5591635473498577,0.5645113105071848,0.1568986039284731,0.0
273,0.546666757089092,0.5698969521678752,0.16089061800213095,0.0
274,0.539462453063825,0.5575116098840214,0.2282253712587656,0.0
275,0.5226263111380192,0.5501000697708252,0.16505333717769285,0.0
276,0.5175758076443735,0.5330123435614658,0.14812993708609834,0.0
277,0.5216161487876363,0.5280052423931423,0.21504015686328867,0.0
278,0.5135354665011116,0.5326005040714312,0.19456210002855456,0.0
279,0.5440403966297511,0.5237479969553407,0.2617913048241981,0.0
280,0.45737358405416995,0.5550408870852976,0.7391273552542021,0.0
281,0.375151547471928,0.3578118663177188,0.19572266958676718,0.0
282,0.372727404437625,0.382928734804584,0.07103711604346981,0.0
283,0.38202015824130076,0.380046486657311,0.10242698996426604,0.0
284,0.3793941060402286,0.3898668636962075,0.07525545674176226,0.0
285,0.3688889724611313,0.3869723640309255,0.06532836132835938,0.0
286,0.3810099958909179,0.37613479685569473,0.0775041995905064,0.0
287,0.3995961200148086,0.38828170575057896,0.07419972933949022,0.0
288,0.4015757546239511,0.4078191072790034,0.11606598328268647,0.0
289,0.4032323345662636,0.4095157854526734,0.07441360733760893,0.0
290,0.3955554706132771,0.4113396909287559,0.09586115614234986,0.0
291,0.3992524120438983,0.40392406697622185,0.1197249745250115,0.0
292,0.40121200986549876,0.40763407794290085,0.12652227775521158,0.0
293,0.38707066173494553,0.40889786914687676,0.24250745532570891,0.0
294,0.3695070302922323,0.3903402749177811,0.1876965280008126,0.0
295,0.36161623509995167,0.3769584758357656,0.10284137030860872,0.0
296,0.3537698290985327,0.36901980630664166,0.09241493929650206,0.0
297,0.3519193547044681,0.3608712902639075,0.106461603061285,0.0
298,0.3382141920257906,0.35863554529778874,0.09510971378466652,0.0
299,0.33858595149926085,0.34525343207428527,0.08195857860787847,0.0
300,0.3133698085068808,0.3454595088900474,0.09007411192679289,0.0
301,0.32222236950117455,0.31993080091314674,0.09226513640968764,0.0
302,0.3256566748858596,0.3285775453549622,0.10329587760863561,0.0
303,0.33555546444811224,0.33228347248230516,0.09843270247122672,0.0
304,0.3462625071939778,0.3425772607427753,0.0990057365875485,0.0
305,0.3325252856552323,0.3528710490032445,0.14654514305690106,0.0
306,0.3802020509655728,0.33928317310546774,0.34604826628265445,0.0
307,0.40969712700209904,0.42039827486060766,0.17153304592750798,0.0
308,0.3967675421304282,0.41813362887764427,0.10230504198288255,0.0
309,0.40929300041029215,0.4047515156541417,0.07430576338520356,0.0
310,0.4230302219490367,0.41751602671333554,0.07051049941218865,0.0
311,0.424618060297167,0.4315154279596598,0.06828751462575665,0.0
312,0.3948646638304849,0.43316247177831446,0.06780958889889757,0.0
313,0.4141736535972358,0.40269294648694043,0.07340888840320606,0.0
314,0.4149495396625129,0.42286868351784435,0.09631149182817196,0.0
315,0.43434330045347913,0.4236923624979143,0.09649853023436988,0.0
316,0.4230302219490367,0.4430488185295731,0.11417427763699377,0.0
317,0.40282820797445584,0.4319272674496961,0.13093577936778325,0.0
318,0.3806061775573797,0.41072208876444716,0.1718188566806183,0.0
319,0.3022222646933619,0.38848746842485404,0.32318331774569586,0.0
320,0.3325252856552323,0.35698850147913497,0.256348937473308,0.0
321,0.3474748869693993,0.33969501259550317,0.14422629943189014,0.0
322,0.37131311549543433,0.35492961817044577,0.14021254440589515,0.0
323,0.3490910850783582,0.37881128232869354,0.133939297451168,0.0
324,0.39434339909612515,0.3553414576604812,0.19294653758559285,0.0
325,0.42909088779306526,0.40269294648694043,0.13540106196937315,0.0
326,0.4587878729963597,0.438029465843238,0.1687321049614332,0.0
327,0.4796363045628702,0.4679555263613402,0.09825001225549622,0.0
328,0.4933334525265316,0.48936646772086245,0.08117722864571104,0.0
329,0.5002020632959034,0.5031604204344013,0.10573176922374183,0.0
330,0.48808073160784726,0.5105719605475993,0.1172866329142612,0.0
331,0.5183837525697186,0.49739560999837007,0.2008620320709727,0.0
332,0.46505044800715645,0.5291006537598495,0.39845647625778746,0.0
333,0.4773736888619817,0.46610271986841223,0.15657427747807512,0.0
334,0.4824241923556265,0.4866902963893516,0.0858598545545739,0.0
335,0.4750867207577727,0.4916355116846498,0.09090748567033965,0.0
336,0.47437587718743845,0.48463141308066326,0.0996247467482543,0.0
337,0.47212127620156785,0.48380804824208035,0.09688342234285226,0.0
338,0.455555476778442,0.4813373254433566,0.11286189663697926,0.0
339,0.4460605055497284,0.46471515691838494,0.07537517544782996,0.0
340,0.4389899856135875,0.4553147870481986,0.08318172237916295,0.0
341,0.4230302219490367,0.4479855520047096,0.0817567298676519,0.0
342,0.41676764693824,0.4313096652853865,0.08240264583637696,0.0
343,0.4169695561050091,0.42531050529972436,0.09791626104708001,0.0
344,0.43757569667139684,0.4247752082051246,0.17991724003002413,0.0
345,0.4585859638295924,0.4481831470003099,0.31605288132399884,0.0
346,0.43656553432101397,0.44427993901885365,0.14143846925331613,0.0
347,0.44478801541168167,0.44510330385743746,0.08733523751703491,0.0
348,0.44872324048491485,0.4529266834606709,0.06650808941106806,0.0
349,0.44000014796396947,0.4574600592659328,0.07805339591137223,0.0
350,0.4379798232632037,0.4486031541690192,0.09765962952137039,0.0
351,0.44674761323328127,0.44715810332678974,0.0772582509286863,0.0
352,0.450303064118029,0.45560285479218177,0.0660639780385039,0.0
353,0.4472725770668795,0.45948564357695343,0.08794976705507632,0.0
354,0.44868686600907015,0.4562163731171536,0.074032026034051,0.0
355,0.44484843403257646,0.4582793402651797,0.108498984123653,0.0
356,0.43757569667139684,0.45395612511501504,0.11401076801779217,0.0
357,0.46141423345570143,0.4459266686960204,0.20356843852043835,0.0
358,0.3753534566386971,0.4710435371828865,0.39449642248766686,0.0
359,0.3632324332089105,0.3804583261473464,0.17064652272890754,0.0
360,0.36606070283502046,0.3707617208545022,0.08198036370428129,0.0
361,0.35171713727942944,0.3732525487084235,0.07087762353424319,0.0
362,0.3561616050144991,0.35863554529778874,0.07398737431163675,0.0
363,0.36094145774719344,0.3633705999379888,0.0522635057279022,0.0
364,0.3690101179611922,0.36851749406822343,0.05429027014247916,0.0
365,0.3580768136452379,0.3767527131614914,0.06088921201363972,0.0
366,0.3781817262648062,0.365429483246678,0.0918998001222923,0.0
367,0.37414138512154516,0.38551474752919823,0.13524708746835393,0.0
368,0.35427074878708087,0.38136839403646405,0.09870114253450019,0.0
369,0.34408897813308315,0.36151779344506085,0.12539508111063732,0.0
370,0.3652524496514067,0.3508121656945562,0.13101671751216934,0.0
371,0.3927272009871663,0.3730467860341493,0.28630814637015595,0.0
372,0.41252539662820986,0.4088692822715192,0.20209298934187886,0.0
373,0.40464662350845426,0.4204642445729698,0.09195138246301504,0.0
374,0.39737388614727465,0.41295783373056594,0.07440661050320195,0.0
375,0.38989893136105636,0.40536943195993835,0.06540415668909619,0.0
376,0.4024564485009865,0.3973402896824316,0.05990872817128374,0.0
377,0.398387747596896,0.41092785143872046,0.06171040199506456,0.0
378,0.3995961200148086,0.4066046362885567,0.061100640016114344,0.0
379,0.4072726757095264,0.4076626648182584,0.08449547184521289,0.0
380,0.3963637237968909,0.41525138073037304,0.08375067316941126,0.0
381,0.3874747883267524,0.4039281508155588,0.11941303048503092,0.0
382,0.3995961200148086,0.3950015063084322,0.143297773154815,0.0
383,0.40969712700209904,0.40763407794290085,0.15615808722704042,0.0
384,0.43353535552813494,0.41792786620337097,0.2874250353753988,0.0
385,0.4004040649401537,0.4146337785660634,0.16480575518544335,0.0
386,0.40121200986549876,0.40866320545575885,0.09451059052554017,0.0
387,0.40364046851557944,0.4092808076200676,0.08727608446905162,0.0
388,0.40122033283878356,0.4121630557673397,0.08020336641320394,0.0
389,0.41386662836043886,0.4094868844358288,0.09309612637368882,0.0
390,0.3999999383483459,0.4220453186792614,0.08851821018856953,0.0
391,0.40022619991843467,0.40783984061717504,0.10808983485109092,0.0
392,0.38480003131904006,0.4082516801072096,0.0905616831319985,0.0
393,0.37636361898908,0.39281099771650485,0.09749823881732043,0.0
394,0.3632324332089105,0.38375241378465397,0.09924897038933057,0.0
395,0.3717172420872412,0.3699587752126039,0.11266854562939206,0.0
396,0.3632324332089105,0.3792476248547487,0.1703457912816044,0.0
397,0.36363625154244783,0.37076580469383824,0.38972857646004894,0.0
398,0.3882827332520966,0.39898701935959835,0.23534636085041158,0.0
399,0.3945456165211638,0.39607210049763175,0.1501713352584413,0.0
400,0.40686854911771864,0.4026310606139143,0.10806226688208675,0.0
401,0.39414148992935694,0.4146337785660634,0.10768746169260751,0.0
402,0.4042424969166465,0.4020753443226308,0.10095348312459554,0.0
403,0.38646462597636955,0.4121630557673397,0.09238401637850781,0.0
404,0.3987878668311948,0.3940791869013056,0.10491713463606737,0.0
405,0.4072726757095264,0.4068103989628309,0.1697122356512639,0.0
406,0.3915151294700152,0.41542824238780174,0.21054554053006824,0.0
407,0.38141412248272477,0.3993988588496329,0.18165991531005146,0.0
408,0.3654546670764445,0.38910507058916277,0.2204696341470063,0.0
409,0.3789899794484217,0.3726349465441148,0.3135314826537108,0.0
410,0.3123232716806523,0.38622282244189066,0.5484253006150173,0.0
411,0.29858605014190687,0.24910948741847694,0.44263700491519886,0.0
412,0.3048486251527027,0.30469619533820325,0.2003914121869802,0.0
413,0.2896971146717675,0.3112840564713304,0.26911092063927755,0.0
414,0.27131320797291547,0.2958022215457712,0.19658588471869953,0.0
415,0.24444449239573096,0.2769028413783401,0.16437356271060719,0.0
416,0.2434343300453481,0.24952132690851148,0.10085320987945072,0.0
417,0.24323242087857988,0.24849188525416732,0.09085513080846788,0.0
418,0.23636381010920715,0.24806779424612202,0.12323595071518131,0.0
419,0.1919191327585139,0.24169794730527805,0.16570037882009225,0.0
420,0.20646460748087314,0.19599350229747348,0.1448948171622327,0.0
421,0.22966073403075793,0.2108165825238686,0.2766055456026628,0.0
422,0.23959589806885528,0.23428640719208094,0.233555921691341,0.0
423,0.1713133004503966,0.24458019545255105,0.4804304832166138,0.0
424,0.14666681874074694,0.1474068091423968,0.0458237915015743,0.0
425,0.1414140978220635,0.14781864863243221,0.13248640589016034,0.0
426,0.15548300525919423,0.14452456099512467,0.09390842132588334,0.0
427,0.16242436498025814,0.15852836022227468,0.09743347947299842,0.0
428,0.16323230990560322,0.16552806084543636,0.09323500360425259,0.0
429,0.16969710234143776,0.1671710208247532,0.1383805656810393,0.6597
430,0.1604040402794915,0.17355311928360617,0.13800664337287324,0.0
431,0.14343442252282923,0.16346540783889818,0.2587312161206711,0.0
432,0.13373754212734568,0.12434882396422076,0.16108447666647324,-0.4019
433,0.12525273324901498,0.13711302088192667,0.08688763876328369,0.0
434,0.12176972305768796,0.1281370561612727,0.0648505901057301,0.0
435,0.11982245556688209,0.12434882396422076,0.0701790216231539,0.0
436,0.12121208384748261,0.12269769630623006,0.05644798792783407,0.0
437,0.1290908569672382,0.12434882396422076,0.05980229682897946,0.48100000000000004
438,0.11797999588783448,0.13176036407741787,0.0688135353121514,0.0
439,0.1216162104392895,0.12097243125720336,0.07342606044474749,0.0
440,0.12727274969151114,0.12393698447418533,0.09444256452035939,0.3592
441,0.14026275318407766,0.13012148793743794,0.12953804581681674,0.0
442,0.11950309999929143,0.14370119615654176,0.11564482682426509,0.0
443,0.13472735943191694,0.1222902547970186,0.17103404140929665,0.6506000000000001
444,0.10888884299265822,0.1375248603719621,0.36479322709960926,0.0
445,0.10707073571693027,0.08893816721688541,0.210315152651393,0.0
446,0.09454558569533678,0.10973182055358599,0.10923340894402472,0.0
447,0.08323250719089526,0.09676154682011795,0.0949988459637635,0.0
448,0.1080608612797711,0.08502647741526914,0.13660981477525272,0.5106
449,0.08181821824870461,0.11035350655723253,0.1295793425902409,0.0
450,0.07151530209464596,0.0835855104123766,0.10707783214585428,0.0
451,0.0666667077677694,0.07369916366111795,0.08885955417627912,0.0
452,0.07232324701999104,0.06793906534739769,0.11621746364399593,0.10115
453,0.07676771475505983,0.0741150869904903,0.16023640294906194,0.0
454,0.07608091532977657,0.0786443789564153,0.18554114985093761,0.0
455,0.01535372790597389,0.07793222020438595,0.21178954237237668,0.0
456,0.0,0.016264047229287648,0.23340338187245574,0.41000000000000003
457,0.033131290587981255,0.0,0.5055053278245365,0.0
458,0.04121228113277553,0.03582218209588195,0.32372249336365705,0.0
459,0.04787898273537916,0.04220459469622373,0.16610217810572206,0.7184
460,0.04202022605812061,0.04899821850362507,0.17371250466520002,0.0
461,0.06442844447020146,0.04320073735289842,0.15392603083511544,0.0
462,0.07979820180620933,0.06608594471298268,0.09453138238046564,0.0
